species_code,scientific_name,body_mass_g,beak_length_culmen,beak_length_nares,beak_width,wing_length,trophic_niche
NA,Accipiter bicolor,287.5,25,13.7,8.6,229.6,Vertivore
NA,Accipiter cooperii,429.7,25.4,13.9,8.6,241.2,Vertivore
shshaw,Accipiter striatus,130.6,18.3,10.1,7.3,181.6,Vertivore
blchaw1,Busarellus nigricollis,766.1,40.8,27.1,12.5,393.5,Aquatic predator
zothaw,Buteo albonotatus,745.9,35.1,21.1,12.7,398,Vertivore
shthaw,Buteo brachyurus,496,31.1,17,10.4,307.6,Vertivore
rethaw,Buteo jamaicensis,1101.2,37.6,22.9,14.4,402.8,Vertivore
gryhaw2,Buteo plagiatus,519,34.1,20.9,11.4,267.9,Vertivore
brwhaw,Buteo platypterus,453.7,28.3,17.8,11.1,277.7,Vertivore
swahaw,Buteo swainsoni,946.6,35.3,21,13.6,383.7,Vertivore
comblh1,Buteogallus anthracinus,975.1,39.6,25.1,12.9,355.2,Aquatic predator
soleag1,Buteogallus solitarius,3000,58.6,36.8,18.7,526.2,Vertivore
grbhaw1,Buteogallus urubitinga,1152.9,46,29.2,14.6,399.7,Vertivore
hobkit,Chondrohierax uncinatus,286.1,36.2,27,12.4,285.3,Invertivore
norhar2,Circus hudsonius,393,31.1,17.2,10.1,360.9,Vertivore
swtkit,Elanoides forficatus,416.2,29.4,19,10.2,412.8,Invertivore
whtkit,Elanus leucurus,346,25.3,15.3,8.8,294,Vertivore
whthaw,Geranoaetus albicaudatus,885,37.4,22.3,13.8,427,Vertivore
crahaw,Geranospiza caerulescens,302.5,25.9,16.5,9.6,269.1,Vertivore
dotkit1,Harpagus bidentatus,215.3,23.7,14.6,11.3,210.3,Invertivore
miskit,Ictinia mississippiensis,276,23,14.7,11,291.8,Invertivore
plukit1,Ictinia plumbea,249.9,23.9,15.1,10.8,285.6,Invertivore
grhkit1,Leptodon cayanensis,474,33.9,22.4,11.5,302.8,Omnivore
creeag1,Morphnus guianensis,1750,48.4,30.3,14.6,464.8,Vertivore
hrshaw,Parabuteo unicinctus,850.3,34.4,21.4,11.4,320.8,Vertivore
whihaw1,Pseudastur albicollis,703.7,38.8,24.8,14.2,358.3,Vertivore
snakit,Rostrhamus sociabilis,366.9,33.1,23.8,11.1,344.8,Aquatic predator
roahaw,Rupornis magnirostris,269,26.4,17.4,10.4,220.9,Vertivore
bawhae1,Spizaetus melanoleucus,850,40.9,23.9,12.8,400.6,Vertivore
orheag1,Spizaetus ornatus,1197.4,39.1,23.7,12.3,353,Vertivore
blheag1,Spizaetus tyrannus,1007.1,42.3,24.9,12.1,384.4,Vertivore
osprey,Pandion haliaetus,1483.2,47,27.7,17.3,468.4,Aquatic predator
norpin,Anas acuta,944.6,48.1,31.9,14.5,256.7,Herbivore aquatic
gnwtea,Anas crecca,341.9,35.8,29.6,12.1,180.4,Herbivore aquatic
snogoo,Anser caerulescens,2636.2,61.8,36,19.4,411.8,Herbivore terrestrial
lessca,Aythya affinis,819.5,47.3,29.4,19.6,198.2,Aquatic predator
redhea,Aythya americana,1075.7,49.7,33,18.8,218.6,Herbivore aquatic
rinduc,Aythya collaris,704.6,51.4,29.9,18.9,194.8,Herbivore aquatic
gresca,Aythya marila,1005.4,47.8,29.7,22.9,213.5,Aquatic predator
canvas,Aythya valisineria,1202,58.5,37,18.8,223.5,Herbivore aquatic
musduc,Cairina moschata,2415.8,65.9,38.7,22.6,345,Omnivore
blkswa,Cygnus atratus,5623.2,71.4,39.9,24.4,459.2,Herbivore aquatic
mutswa,Cygnus olor,10682,96.1,56.7,31,581.5,Herbivore aquatic
bbwduc,Dendrocygna autumnalis,755.3,50.8,34.6,18.3,240.8,Herbivore terrestrial
fuwduc,Dendrocygna bicolor,756.4,50.8,33.4,17.6,223,Omnivore
amewig,Mareca americana,754.6,44.9,26.9,16,253.2,Omnivore
gadwal,Mareca strepera,915.6,48.7,34.7,16.5,251.3,Herbivore aquatic
sursco,Melanitta perspicillata,1096.3,58.8,25.2,21.6,226.3,Aquatic predator
rebmer,Mergus serrator,1015.2,65,42.8,8.2,233.6,Aquatic predator
masduc,Nomonyx dominicus,365,39.6,22.2,16.2,138.1,Herbivore aquatic
rudduc,Oxyura jamaicensis,608.2,45.4,24.4,20.9,139.6,Aquatic predator
norsho,Spatula clypeata,612.6,68.8,47.9,18.6,226.4,Aquatic predator
buwtea,Spatula discors,359.4,47.3,31.8,15.6,178.3,Herbivore aquatic
whtswi,Aeronautes saxatalis,32.1,7,3,2.9,140.3,Invertivore
chiswi,Chaetura pelagica,23.6,6.3,3.5,2.9,124.4,Invertivore
vauswi,Chaetura vauxi,17.1,5.3,2.8,2.4,111.3,Invertivore
whcswi1,Cypseloides cryptus,34.5,8.6,3.7,3.7,137.2,Invertivore
blkswi,Cypseloides niger,39.7,9,3.7,3.4,149.4,Invertivore
lstswi1,Panyptila cayennensis,21.1,8.2,3.8,3,118.8,Invertivore
gstswi1,Panyptila sanctihieronymi,48.1,11.3,4.8,3.8,184.2,Invertivore
chcswi1,Streptoprocne rutila,20.2,7.1,3,3.7,130,Invertivore
whcswi,Streptoprocne zonaris,86.8,14.4,7.7,5.3,212.5,Invertivore
souwpw1,Antrostomus arizonae,53.3,22.1,7.7,4.4,159.3,Invertivore
yucnig1,Antrostomus badius,59.8,25.6,7.9,5.7,163,Invertivore
chwwid,Antrostomus carolinensis,109,15.2,7.5,6.2,207.7,Invertivore
bucnig,Antrostomus ridgwayi,48,20.5,7.6,5.2,150.2,Invertivore
lesnig,Chordeiles acutipennis,48.4,8.5,4.2,3.5,164.8,Invertivore
comnig,Chordeiles minor,79.3,12.7,6.1,3.3,192.8,Invertivore
shtnig1,Lurocalis semitorquatus,75.9,15.5,7.6,4.2,185.4,Invertivore
compau,Nyctidromus albicollis,57.8,16.2,7.2,5,150.9,Invertivore
yucpoo1,Nyctiphrynus yucatanicus,24.5,15.7,5.8,4.5,109,Invertivore
grepot1,Nyctibius grandis,547,45.3,16.4,6.7,374.1,Invertivore
norpot1,Nyctibius jamaicensis,266,26.4,10.9,6.1,290,Invertivore
emchum1,Abeillia abeillei,2.7,13,9.5,1.2,47,Nectarivore
NA,Amazilia beryllina,4.5,21.3,17.4,2.3,53.4,Nectarivore
NA,Amazilia candida,3.8,18.7,13.4,2.3,51.8,Nectarivore
NA,Amazilia cyanocephala,5.1,22.8,16.8,2.4,60.8,Nectarivore
NA,Amazilia cyanura,3.9,21.9,16.4,2.4,53.9,Nectarivore
cinhum1,Amazilia rutila,5.2,24.5,18.8,2.7,57,Nectarivore
rtlhum,Amazilia tzacatl,4.8,21.9,18.9,3.1,56.4,Nectarivore
NA,Amazilia viridifrons,6.3,25.1,21.9,3.3,55.2,Nectarivore
bubhum,Amazilia yucatanensis,3.9,23.7,18.1,2.7,54.8,Nectarivore
gnbman,Anthracothorax prevostii,6.4,28.9,21.8,2.9,65.6,Nectarivore
rthhum,Archilochus colubris,3.1,20.7,15.1,1.8,40.7,Nectarivore
NA,Atthis ellioti,2.9,14.8,11,1.1,34,Nectarivore
NA,Campylopterus curvipennis,6,29.2,22.1,2.9,63,Nectarivore
viosab1,Campylopterus hemileucurus,9.7,32.7,27.1,3.3,75.3,Nectarivore
NA,Campylopterus rufus,7.1,29,22.5,2.5,71,Nectarivore
NA,Chlorostilbon canivetii,2.6,15.4,12.8,1.9,46.8,Nectarivore
NA,Chlorostilbon forficatus,2.6,16.8,12.9,1.6,47.2,Nectarivore
brvear1,Colibri delphinae,6.4,19,14.8,1.8,67.9,Nectarivore
grnvie1,Colibri thalassinus,5.9,23.7,17.3,2.2,62.6,Nectarivore
brbhum,Cynanthus latirostris,3.1,21.4,17.9,2.1,51.5,Nectarivore
mexshe1,Doricha eliza,2.5,23.1,19.2,1.4,38.4,Nectarivore
sleshe1,Doricha enicura,2.4,21.9,18,1.4,36.5,Nectarivore
maghum1,Eugenes fulgens,8,33.9,27.3,2.5,72,Nectarivore
stthum1,Eupherusa eximia,4.3,19.5,15,1.8,55.3,Nectarivore
whnjac1,Florisuga mellivora,7.4,23.6,16.7,2.6,67.8,Nectarivore
plcsta,Heliomaster constantii,7.3,35.8,32.3,2.5,62.7,Nectarivore
lobsta1,Heliomaster longirostris,6.6,35,29,2.7,58.4,Nectarivore
pucfai1,Heliothryx barroti,5.5,21.9,16.2,2.2,63.8,Nectarivore
amthum1,Lampornis amethystinus,5.2,24.6,19,2.7,65.4,Nectarivore
gtmgem1,Lampornis viridipallens,5.3,22.7,17.5,2.1,63.4,Nectarivore
gathum1,Lamprolaima rhami,7.8,21.1,15.4,2.3,78,Nectarivore
blccoq1,Lophornis helenae,2.6,14.4,10.3,1.4,39.4,Nectarivore
lobher,Phaethornis longirostris,6,41.8,34.9,3.3,61.2,Nectarivore
stther2,Phaethornis striigularis,3,23.7,19.6,2.4,39.1,Nectarivore
brthum,Selasphorus platycercus,3.5,21.1,17,2.1,49,Nectarivore
crowoo1,Thalurania colombica,4.5,20.4,17.6,2.3,52.3,Nectarivore
batbar1,Threnetes ruckeri,5.2,33.4,27.3,3,56.6,Nectarivore
spthum1,Tilmatura dupontii,2.2,15.2,12.2,1.4,36,Nectarivore
turvul,Cathartes aura,1518.2,51.5,27.6,14.3,508.5,Scavenger
lyhvul1,Cathartes burrovianus,935,50.4,25.2,13.1,485.8,Scavenger
blkvul,Coragyps atratus,1881.7,60,35,14.8,410.1,Scavenger
kinvul1,Sarcoramphus papa,3400,61.9,46,22.8,508.2,Scavenger
NA,Burhinus bistriatus,787,49.8,25.4,10.4,241.8,Invertivore
NA,Charadrius collaris,28.3,17.3,11.4,3.3,95.6,Aquatic predator
pipplo,Charadrius melodus,54.4,15,7.9,3.7,115.4,Aquatic predator
NA,Charadrius nivosus,42.3,16.8,9.8,2.9,102.5,Aquatic predator
semplo,Charadrius semipalmatus,46.7,14.5,8.5,3.2,118.4,Aquatic predator
killde,Charadrius vociferus,96.4,21.5,13.1,3.5,158.8,Omnivore
NA,Charadrius wilsonia,55.1,22.9,14.1,4.6,117.4,Aquatic predator
amgplo,Pluvialis dominica,151.5,26.3,15.6,3.8,181.8,Invertivore
bkbplo,Pluvialis squatarola,250,32,19.2,5.1,184.4,Aquatic predator
soulap1,Vanellus chilensis,327,35.1,19.2,6.4,226,Omnivore
ameoys,Haematopus palliatus,601.5,86,66.6,8.2,246.8,Aquatic predator
norjac,Jacana spinosa,94,31.9,18.7,4.1,128,Aquatic predator
brnnod,Anous stolidus,177.8,45.6,25.2,4.7,265.4,Aquatic predator
blkter,Chlidonias niger,65.3,31.1,18.4,3.5,201.7,Aquatic predator
gubter2,Gelochelidon nilotica,218.3,42.1,27,6.2,308.1,Omnivore
caster1,Hydroprogne caspia,655,78.7,49.1,10.4,410.7,Aquatic predator
euhgul1,Larus argentatus,1091,74,24.5,8.9,430.8,Aquatic predator
ribgul,Larus delawarensis,516.3,48.1,19.6,6.2,366,Omnivore
kelgul,Larus dominicanus,952.4,64.7,23.4,8.6,402,Omnivore
lbbgul,Larus fuscus,762.4,62.3,23,7.9,412.2,Aquatic predator
heegul,Larus heermanni,500,56.3,18,6,336.2,Aquatic predator
gbbgul,Larus marinus,1649.7,79.1,28,10.2,478.2,Omnivore
briter1,Onychoprion anaethetus,119.4,45.5,28.4,5.4,273.6,Aquatic predator
sooter1,Onychoprion fuscatus,185.7,47.9,29.3,5.4,280.7,Aquatic predator
bklkit,Rissa tridactyla,416,44.5,18.8,5.3,301,Aquatic predator
blkski,Rynchops niger,297.7,83.7,69.4,7.4,365.7,Aquatic predator
roster,Sterna dougallii,112,45.3,28.9,3.6,223.8,Aquatic predator
forter,Sterna forsteri,149,45.3,28,4.9,252.6,Aquatic predator
comter,Sterna hirundo,129.2,44.5,24.2,3.8,253.3,Aquatic predator
leater1,Sternula antillarum,45.9,29.5,19.8,3.1,165.1,Aquatic predator
eleter1,Thalasseus elegans,260,64.4,44.6,5.8,296.6,Aquatic predator
royter1,Thalasseus maximus,415.3,73.7,45.5,8.4,363.7,Aquatic predator
santer1,Thalasseus sandvicensis,199.8,60.5,40.5,5.5,288.5,Aquatic predator
sabgul,Xema sabini,198,32.1,13.4,4.4,265,Aquatic predator
ameavo,Recurvirostra americana,304.5,91.2,73.9,6.6,218.2,Aquatic predator
sposan,Actitis macularius,40.4,25.7,16.2,2.7,100.4,Aquatic predator
rudtur,Arenaria interpres,136,25.4,15.7,3.9,148.8,Aquatic predator
uplsan,Bartramia longicauda,158.9,32.9,21.5,3.4,159,Invertivore
sander,Calidris alba,51.7,30,21.2,3.4,119.6,Aquatic predator
dunlin,Calidris alpina,51.9,36.9,28.1,2.9,115.1,Aquatic predator
baisan,Calidris bairdii,41,25.5,19.3,2.7,121.8,Aquatic predator
redkno,Calidris canutus,141.9,37.5,26.6,4.1,164.4,Aquatic predator
whrsan,Calidris fuscicollis,43,26.5,18.8,2.9,118.4,Aquatic predator
stisan,Calidris himantopus,57.2,43,35,2.8,126.8,Aquatic predator
wessan,Calidris mauri,27.8,21,15.8,2.3,92.2,Aquatic predator
pecsan,Calidris melanotos,79.7,32.1,23.1,3.4,125.2,Aquatic predator
leasan,Calidris minutilla,22.9,20.3,15.1,2.4,86.4,Aquatic predator
semsan,Calidris pusilla,27.5,22.2,15.9,2.6,92.7,Aquatic predator
surfbi,Calidris virgata,201,29,15.9,4.2,173,Aquatic predator
wilsni1,Gallinago delicata,112.9,66.9,57.7,4.6,128.4,Aquatic predator
shbdow,Limnodromus griseus,110.5,61,53.1,4.4,143,Aquatic predator
lobdow,Limnodromus scolopaceus,104.4,70.7,61.9,4.5,145.5,Aquatic predator
margod,Limosa fedoa,357,112.5,93.7,6.8,224.8,Aquatic predator
hudgod,Limosa haemastica,253.3,86.2,73.1,5.2,210.2,Aquatic predator
lobcur,Numenius americanus,583.9,164,141.5,7.6,266.8,Omnivore
whimbr5,Numenius phaeopus,364.6,92.1,67.1,6.6,233,Omnivore
redpha1,Phalaropus fulicarius,55.6,31.4,27.1,2.9,126.3,Aquatic predator
renpha,Phalaropus lobatus,36.7,24.4,19.1,2.5,109,Aquatic predator
lesyel,Tringa flavipes,77.5,41.4,30.6,2.9,152.6,Aquatic predator
wantat1,Tringa incana,108.2,45.1,29.1,3.5,164.6,Aquatic predator
greyel,Tringa melanoleuca,161.7,59.9,45.9,4.8,194.5,Aquatic predator
willet1,Tringa semipalmata,245.7,67.4,46,4.5,203.5,Aquatic predator
solsan,Tringa solitaria,48.4,32.7,25.4,2.7,126.6,Aquatic predator
parjae,Stercorarius parasiticus,444.3,36.1,12,5.7,310.5,Aquatic predator
pomjae,Stercorarius pomarinus,692.5,45.8,16.1,7.2,350.8,Aquatic predator
jabiru,Jabiru mycteria,5996.3,309.5,251.8,39.6,640.8,Aquatic predator
woosto,Mycteria americana,2554.5,224.5,187.7,34.6,455.9,Aquatic predator
blgdov1,Claravis pretiosa,68.2,16.6,9.8,3.2,110.8,Granivore
rocpig,Columba livia,354.2,23.2,12.1,4.3,219.6,Granivore
incdov,Columbina inca,47.5,16.1,7.1,3.5,92.5,Granivore
pbgdov1,Columbina minuta,32.6,12.4,7.1,2.4,76,Granivore
cogdov,Columbina passerina,35.4,13.9,8.2,2.5,81.6,Omnivore
rugdov,Columbina talpacoti,46,14.2,8.3,3.1,86.8,Granivore
ruqdov,Geotrygon montana,133.9,19.5,9,3.5,136.5,Omnivore
grcdov1,Leptotila cassinii,159,17.9,8.8,3.4,132.3,Granivore
cardov1,Leptotila jamaicensis,165,21.8,11.5,3,147,Granivore
gyhdov1,Leptotila plumbeiceps,170,20.6,6.5,2.9,141,Granivore
whtdov,Leptotila verreauxi,146.9,19.5,10,3.6,136.7,Granivore
mcgdov1,Paraclaravis mondetoura,89.7,18.1,7,2.8,116.9,Granivore
pavpig2,Patagioenas cayennensis,229,24.5,12.1,4.6,180.3,Frugivore
batpig1,Patagioenas fasciata,366.3,24.9,18.9,7.5,206.9,Granivore
rebpig1,Patagioenas flavirostris,270.8,23,11.2,4,186.9,Frugivore
whcpig2,Patagioenas leucocephala,240.1,27.8,13.9,5.3,190.8,Frugivore
shbpig,Patagioenas nigrirostris,176,21.7,11.5,5,162,Frugivore
scapig2,Patagioenas speciosa,258.5,24.5,12.3,4.8,184.7,Frugivore
eucdov,Streptopelia decaocto,149,20.9,9.6,3.9,173.7,Omnivore
whwdov,Zenaida asiatica,153,24,14.4,4.2,160.8,Granivore
zendov,Zenaida aurita,156,22.1,8,2.8,149,Omnivore
moudov,Zenaida macroura,118.9,19.6,9.3,2.7,144.4,Granivore
wfqdov1,Zentrygon albifacies,238,24.7,10.9,3.7,141.4,Omnivore
ampkin1,Chloroceryle aenea,13.8,31,24,5,55.9,Aquatic predator
amakin1,Chloroceryle amazona,126.4,69.4,57.6,11.6,130.5,Aquatic predator
grnkin,Chloroceryle americana,33.7,42,34.2,6.2,76.8,Aquatic predator
belkin1,Megaceryle alcyon,148,58.6,44.8,9.5,158.8,Aquatic predator
rinkin1,Megaceryle torquata,317,83.6,65.2,14.9,191.3,Aquatic predator
bltmot1,Aspatha gularis,62.7,30.7,20,8.7,100.4,Invertivore
kebmot1,Electron carinatum,64.9,37.8,28.9,14.8,114.4,Invertivore
tubmot1,Eumomota superciliosa,62.5,42.4,31,11.9,110.6,Invertivore
todmot1,Hylomanes momotula,29.3,25.5,18.9,8.5,71.4,Invertivore
bucmot2,Momotus lessonii,115,43.4,28.8,9.9,138,Omnivore
rucmot1,Momotus mexicanus,75.7,38,26.6,9.1,115.7,Invertivore
yebcuc,Coccyzus americanus,64,29.2,20,7,143.4,Invertivore
bkbcuc,Coccyzus erythropthalmus,50.9,27,17,5.7,136.9,Invertivore
mancuc,Coccyzus minor,63.9,31.3,20.6,6.8,135,Invertivore
smbani,Crotophaga ani,110.1,30.6,18.4,9.9,144,Omnivore
grbani,Crotophaga sulcirostris,82,26.9,17.7,9.5,129.3,Invertivore
phecuc1,Dromococcyx phasianellus,84.5,26.6,16.2,5.5,162.8,Invertivore
lesroa1,Geococcyx velox,179.9,42.8,24.9,8.7,141.7,Invertivore
legcuc1,Morococcyx erythropygus,64.5,25.2,14.9,5.6,99,Invertivore
squcuc1,Piaya cayana,102,32,18.9,8.8,145.5,Invertivore
strcuc1,Tapera naevia,48.4,19.8,12.4,5.1,106,Invertivore
NA,Caracara cheriway,1078.6,48.3,31.1,14,386,Omnivore
merlin,Falco columbarius,188.5,16.6,11.8,8,199.6,Vertivore
aplfal,Falco femoralis,335.8,21.4,14.8,10.8,245.1,Vertivore
perfal,Falco peregrinus,760,31.1,18.4,13.7,314.7,Vertivore
batfal1,Falco rufigularis,163.6,19.6,12,9.7,198.8,Vertivore
amekes,Falco sparverius,114.6,17.1,11,8.4,182.4,Omnivore
laufal1,Herpetotheres cachinnans,623.6,33.2,18.3,12.6,272.4,Vertivore
baffal1,Micrastur ruficollis,177.6,21.4,11.8,8.2,167.1,Vertivore
coffal1,Micrastur semitorquatus,621.7,32,18.7,10.8,267.7,Vertivore
grecur1,Crax rubra,4133,53,24.5,11.9,381.2,Frugivore
horgua1,Oreophasis derbianus,2071.5,42.7,20.7,10.3,370.5,Frugivore
whbcha1,Ortalis leucogastra,495.8,30.7,13.9,7.7,208.6,Frugivore
wemcha1,Ortalis poliocephala,760,33,17.3,10.1,260,Frugivore
placha,Ortalis vetula,562.6,28.3,12.2,6.9,198,Frugivore
cregua1,Penelope purpurascens,2060,45.8,18.2,10.1,379.7,Frugivore
higgua1,Penelopina nigra,890,30.8,14.5,7.8,239.7,Frugivore
crebob1,Colinus cristatus,134.5,14.7,8.7,6.1,99.8,Omnivore
bltbob1,Colinus nigrogularis,129.8,14.5,9.8,7.4,102,Omnivore
norbob,Colinus virginianus,171.9,14.9,8.6,7,109.8,Omnivore
ocequa1,Cyrtonyx ocellatus,199.2,15.2,9.9,7.1,120.6,Omnivore
sinqua1,Dactylortyx thoracicus,201.8,16,9.1,6.6,125.6,Omnivore
bcwpar1,Dendrortyx leucophrys,367.4,19.2,10.7,9.1,149.2,Omnivore
spwqua1,Odontophorus guttatus,303.8,19.8,10.8,8.5,145.8,Omnivore
ocetur1,Meleagris ocellata,5525,39.8,22.3,14.4,362.5,Omnivore
compea,Pavo cristatus,4154.8,49.1,22.8,13,445.2,Omnivore
limpki,Aramus guarauna,1080,130.4,84.9,8.8,241.2,Aquatic predator
sungre1,Heliornis fulica,132,32.4,16.3,4.4,141.5,Aquatic predator
unicra1,Amaurolimnas concolor,133,28.6,15.5,3.5,123.8,Omnivore
runwor1,Aramides albiventris,514,51.3,27.9,5.3,178.7,Aquatic predator
rnwrai1,Aramides axillaris,292,40.5,21.8,5.1,166.2,Aquatic predator
gycwor1,Aramides cajaneus,397,51.3,27.9,5.3,178.7,Aquatic predator
y00475,Fulica americana,636.7,37.3,14.8,5.9,183.1,Herbivore aquatic
commoo3,Gallinula chloropus,339.6,33.9,13.2,4.3,165.5,Omnivore
comgal1,Gallinula galeata,339.6,31.4,15.8,5.4,176.1,Omnivore
grbcra1,Laterallus exilis,33.5,17.5,8.6,2.6,73.4,Aquatic predator
rudcra1,Laterallus ruber,44.4,20.6,10.5,3.2,81.5,Aquatic predator
sporai,Pardirallus maculatus,171,43.4,28.9,4.5,121.8,Aquatic predator
sora,Porzana carolina,74.8,20.4,10.1,3,102.5,Omnivore
clarai11,Rallus crepitans,306,64.7,20.9,3.8,148,Aquatic predator
eurwar1,Acrocephalus scirpaceus,12.3,18.2,8.7,3.2,65.3,Invertivore
bushti,Psaltriparus minimus,5.3,7.8,4.6,2.4,45.2,Invertivore
cedwax,Bombycilla cedrorum,31.6,15.1,6.6,4.5,95.4,Frugivore
norcar,Cardinalis cardinalis,42.6,17.6,14.7,9.3,93.5,Omnivore
blfgro1,Caryothraustes poliogaster,41.8,18.3,12.2,8.3,92.9,Frugivore
blubun,Cyanocompsa parellina,15.6,12.4,8.7,5.5,68,Frugivore
bubgro1,Cyanoloxia cyanoides,32.5,19.6,14.9,10.2,79.6,Granivore
grtcha1,Granatellus sallaei,9.9,13.3,8.6,3.9,59.5,Invertivore
rebcha1,Granatellus venustus,10.8,14.4,8.6,3.8,60.8,Invertivore
NA,Habia fuscicauda,36.8,20.2,13.4,7.3,95.7,Invertivore
rcatan1,Habia rubica,32.5,18.1,11.9,6.9,92.5,Invertivore
blugrb1,Passerina caerulea,27.4,17,12.3,7.4,86.1,Invertivore
paibun,Passerina ciris,15.5,11.7,7.6,4.9,69.6,Granivore
indbun,Passerina cyanea,14.7,11.7,7.6,5.1,64.8,Granivore
orbbun1,Passerina leclancherii,14,11.7,8.2,5.3,66.6,Granivore
robbun1,Passerina rositae,20,15,11.1,5.9,69.9,Granivore
varbun,Passerina versicolor,12.9,11.2,7.6,4.8,67.7,Omnivore
yelgro,Pheucticus chrysopeplus,77.6,23,16.6,11.4,111.2,Frugivore
robgro,Pheucticus ludovicianus,42,18.6,11.8,8.8,101.3,Omnivore
flctan,Piranga bidentata,36.1,20.7,13.5,7.6,97.1,Invertivore
heptan,Piranga flava,37.7,19.2,14.8,8.5,93.6,Invertivore
whwtan1,Piranga leucoptera,16,15.8,10.6,6.7,72.5,Frugivore
westan,Piranga ludoviciana,28.1,18.5,11.2,6.3,94.8,Invertivore
scatan,Piranga olivacea,28.2,18.8,11.5,7.2,92.6,Invertivore
rottan1,Piranga roseogularis,24,16.9,10.6,7.9,78.6,Invertivore
sumtan,Piranga rubra,29.1,19.2,13.3,8.4,92,Invertivore
dickci,Spiza americana,26.2,15.1,9.8,5.5,77.9,Omnivore
brncre,Certhia americana,8.1,16.2,9.6,2,63.6,Invertivore
amedip,Cinclus mexicanus,56.7,21.6,11.7,3.4,89.1,Aquatic predator
unijay1,Aphelocoma unicolor,124,35,19.8,10.6,168.9,Omnivore
comrav,Corvus corax,928,77,49.2,21.9,419.7,Omnivore
stejay,Cyanocitta stelleri,128,33.7,21.1,10.2,145.8,Omnivore
bucjay1,Cyanocorax melanocyaneus,101,33.4,19.4,10.6,136.2,Invertivore
grnjay,Cyanocorax yncas,78.5,29.6,16.2,9.3,121.5,Omnivore
yucjay1,Cyanocorax yucatanicus,118,35.9,22.6,11.3,141.9,Omnivore
azhjay1,Cyanolyca cucullata,101.3,32,18.2,10.2,123.9,Omnivore
bltjay1,Cyanolyca pumilo,47,27.3,15,7.4,117.6,Invertivore
lovcot1,Cotinga amabilis,71.5,17.9,9.4,5.3,108.3,Frugivore
rufpih1,Lipaugus unirufus,82.1,24,15,7.2,132.4,Frugivore
trimun,Lonchura malacca,12.6,12.2,8.3,7,54.7,Granivore
nutman,Lonchura punctulata,13.6,11.8,8.8,6.7,52.6,Granivore
blfant1,Formicarius analis,62.2,21.8,13.5,5.7,89.7,Invertivore
blcchl1,Chlorophonia occipitalis,25.8,12.6,6.1,4.7,76.7,Frugivore
thbsee1,Crithagra burtoni,30.5,16.8,12.4,8.7,87.7,Granivore
screup1,Euphonia affinis,10,9.3,5,3.7,53.4,Frugivore
NA,Euphonia elegantissima,15,9.8,4.6,4,66.7,Frugivore
olbeup1,Euphonia gouldi,14,12.2,6.5,4.6,53.3,Frugivore
yeteup1,Euphonia hirundinacea,14,10.8,6.6,5.2,60.3,Frugivore
whveup1,Euphonia minuta,10,10.6,5.7,4.1,51.4,Frugivore
houfin,Haemorhous mexicanus,21.4,10.6,8.4,6.6,77.2,Granivore
redcro,Loxia curvirostra,38.3,19,16.1,6.8,96,Granivore
blcsis1,Spinus atriceps,13.5,13.4,9,4.2,67.2,Granivore
blhsis1,Spinus notatus,10.9,13.4,9.7,4.6,65.2,Granivore
pinsis,Spinus pinus,12.7,14,9,4.3,72.4,Granivore
lesgol,Spinus psaltria,8.8,10.2,7.8,4.7,60.9,Granivore
stfgle1,Anabacerthia variegaticeps,27.8,17,10.9,3.6,85.2,Invertivore
btfgle1,Automolus ochrolaemus,40.2,22.7,15,4.8,87.1,Invertivore
rufgle1,Clibanornis rubiginosus,39.8,26.4,16.4,4.7,85.8,Invertivore
tawwoo1,Dendrocincla anabatina,34.2,24.8,16.4,6,96.8,Invertivore
rudwoo1,Dendrocincla homochroa,39.4,24.6,17,5.2,99.3,Invertivore
nobwoo1,Dendrocolaptes sanctithomae,66.9,38.8,27.6,8.8,125.8,Invertivore
webwoo1,Glyphorynchus spirurus,14.6,13.7,9.7,4.4,68.7,Invertivore
spcwoo1,Lepidocolaptes affinis,35,31.4,22.4,4,108.4,Invertivore
sthwoo1,Lepidocolaptes souleyetii,25.7,32.7,23.6,4.1,92.3,Invertivore
sctlea1,Sclerurus guatemalensis,34.7,21.8,16.6,4,87.7,Invertivore
tatlea1,Sclerurus mexicanus,25.1,24,18.1,3.6,79.1,Invertivore
oliwoo1,Sittasomus griseicapillus,13.1,16.1,10.9,4,76.7,Invertivore
rubspi2,Synallaxis erythrothorax,17.1,19.1,9.8,3.2,55.5,Invertivore
plaxen4,Xenops minutus,10.6,13.1,8.6,2.8,55.7,Invertivore
stbwoo1,Xiphocolaptes promeropirhynchus,93,50.6,37.9,8.3,135.3,Invertivore
spowoo1,Xiphorhynchus erythropygius,46.8,34.8,25.2,5.4,115.6,Invertivore
ivbwoo1,Xiphorhynchus flavigaster,46.2,41.8,30.3,5.6,114.1,Invertivore
cocwoo1,Xiphorhynchus susurrans,46.7,36,27.2,5.4,101.8,Invertivore
scaant1,Grallaria guatimalensis,94.2,30.8,16.1,7,105.8,Invertivore
blcswa1,Atticora pileata,12.2,7.7,4,3.4,93.3,Invertivore
barswa,Hirundo rustica,17.9,12.4,6,4.5,115.8,Invertivore
cavswa,Petrochelidon fulva,19,10.5,5.6,4.6,102.9,Invertivore
cliswa,Petrochelidon pyrrhonota,21.6,11.3,5.9,4.5,109.3,Invertivore
gybmar,Progne chalybea,50,15.3,7.8,5.6,130.6,Invertivore
sinmar1,Progne sinaloae,42.6,14.7,7.8,5.4,138.9,Invertivore
purmar,Progne subis,53.8,16.8,9.4,5.9,147.2,Invertivore
banswa,Riparia riparia,12.7,9.4,5,3.7,101.8,Invertivore
nrwswa,Stelgidopteryx serripennis,15.7,10.5,4.8,3.4,107.5,Invertivore
manswa1,Tachycineta albilinea,16.7,12.1,6.4,4.2,99.3,Invertivore
treswa,Tachycineta bicolor,21.2,10.8,5.9,3.8,115.9,Invertivore
vigswa,Tachycineta thalassina,14.1,9.9,5,3.6,115.5,Invertivore
rewbla,Agelaius phoeniceus,50.8,22.7,15.4,5.6,118,Granivore
yebcac1,Amblycercus holosericeus,70.4,30.3,21.3,7,94.6,Invertivore
yewcac1,Cassiculus melanicterus,81.3,40,27.9,7.3,145.8,Invertivore
melbla1,Dives dives,91.3,29.8,18.2,7,120.2,Omnivore
boboli,Dolichonyx oryzivorus,31.5,16.2,9.8,5.9,90.2,Granivore
yebcha,Icteria virens,24.9,16.3,10.5,4.8,76.5,Invertivore
oraori1,Icterus auratus,32.1,20.2,13.2,4.7,94.6,Omnivore
yebori1,Icterus chrysater,53.4,25.7,15.9,6.1,96.2,Omnivore
hooori,Icterus cucullatus,24.3,21.2,13.9,4.3,83.4,Omnivore
balori,Icterus galbula,32.8,21.1,13.3,5,92.1,Invertivore
altori,Icterus gularis,55.2,25.8,18.4,7.5,116.4,Omnivore
bawori1,Icterus maculialatus,37.4,24.1,13.6,4.8,95.9,Omnivore
yetori1,Icterus mesomelas,39.9,25.9,16.3,5.8,96.2,Invertivore
spbori,Icterus pectoralis,46.5,23.7,14.5,5.3,102.8,Invertivore
bkcori,Icterus prosthemelas,28,20.6,12.8,4.5,83.6,Omnivore
stbori,Icterus pustulatus,36.8,22.9,14.9,5.2,95.4,Invertivore
orcori,Icterus spurius,19.4,17.2,11.6,4.4,77,Invertivore
bkvori,Icterus wagleri,41.8,24.2,15.2,4.5,101.2,Invertivore
brocow,Molothrus aeneus,62.6,22.2,14.7,6.1,108,Granivore
bnhcow,Molothrus ater,40.3,17.6,11.1,5.8,105,Invertivore
giacow,Molothrus oryzivorus,181.9,35.5,21.4,9.3,173.6,Omnivore
monoro1,Psarocolius montezuma,309.9,67.8,44.6,11.4,220,Omnivore
chhoro1,Psarocolius wagleri,155.5,57.9,34.8,11.5,182,Omnivore
grtgra,Quiscalus mexicanus,160.5,43.3,29.2,8.2,168.6,Omnivore
easmea,Sturnella magna,91.8,33.5,20,6.1,108.1,Invertivore
grycat,Dumetella carolinensis,35.3,19.2,11.1,4,90.7,Invertivore
blacat1,Melanoptila glabrirostris,35.4,20.9,11.6,4.2,92.2,Invertivore
bawmoc1,Melanotis hypoleucus,68,29.4,17.6,5.1,107.4,Invertivore
tromoc,Mimus gilvus,52,22.9,13.9,5.1,105.8,Invertivore
amepip,Anthus rubescens,20.7,14.5,9.4,3.1,85,Invertivore
gobwar1,Basileuterus belli,10.7,12.3,7.3,3.6,59.7,Invertivore
gcrwar,Basileuterus culicivorus,10.5,12.8,7.8,4,59.5,Invertivore
NA,Basileuterus lachrymosus,25.6,16.4,8.9,4.6,74.3,Invertivore
rucwar,Basileuterus rufifrons,10.4,12.3,7.6,4.1,54.5,Invertivore
canwar,Cardellina canadensis,10,13,7.2,4,62.5,Invertivore
wlswar,Cardellina pusilla,7,11.6,6.6,3.2,56.3,Invertivore
refwar,Cardellina rubrifrons,8.1,11.7,6.8,3.5,67.5,Invertivore
pihwar1,Cardellina versicolor,10,10.7,6.3,3.2,60.7,Invertivore
kenwar,Geothlypis formosa,14,13.8,8.7,3.5,66.9,Invertivore
mouwar,Geothlypis philadelphia,11.7,12.5,8,3.3,59,Invertivore
gycyel,Geothlypis poliocephala,14.6,14,8.5,3.7,55.3,Invertivore
macwar,Geothlypis tolmiei,10.4,13.4,7.7,3,58.1,Invertivore
comyel,Geothlypis trichas,9.5,12.7,7.9,3,54.7,Invertivore
woewar1,Helmitheros vermivorum,14.2,15.3,10.2,3.7,68.3,Invertivore
orcwar,Leiothlypis celata,9.2,11.8,7.8,3.8,59.9,Invertivore
tenwar,Leiothlypis peregrina,8.9,10.9,7.8,3.1,62.5,Invertivore
naswar,Leiothlypis ruficapilla,8.1,11.6,7,2.8,56.8,Invertivore
swawar,Limnothlypis swainsonii,18.9,17.8,11.4,3.4,71.6,Invertivore
bawwar,Mniotilta varia,10.9,13.7,9,2.9,68.8,Invertivore
sltred,Myioborus miniatus,9,11.9,7,4.1,63.6,Invertivore
paired,Myioborus pictus,9.8,12,6.7,3.7,73.2,Invertivore
crcwar,Oreothlypis superciliosa,9,13.7,8.6,3.3,62.3,Invertivore
louwat,Parkesia motacilla,19.9,17.1,11,4.2,79.8,Invertivore
norwat,Parkesia noveboracensis,16.3,18.8,9.7,3.5,73.9,Invertivore
prowar,Protonotaria citrea,14.3,17.1,10.8,3.8,68.9,Invertivore
ovenbi1,Seiurus aurocapilla,18.8,15.1,8.9,3.6,73.2,Invertivore
norpar,Setophaga americana,7.8,11.6,7.6,3.1,57.6,Invertivore
btbwar,Setophaga caerulescens,10.1,13,7.4,3.4,62.2,Invertivore
babwar,Setophaga castanea,11.8,13.5,7.9,3.8,69.9,Invertivore
cerwar,Setophaga cerulea,9,14.3,8.2,3.2,65.6,Invertivore
gchwar,Setophaga chrysoparia,9.9,13,8.2,3.5,61.7,Invertivore
hoowar,Setophaga citrina,10.5,13.7,7.9,3.8,64.7,Invertivore
yerwar,Setophaga coronata,11.9,12.6,7.2,3.4,71.6,Invertivore
prawar,Setophaga discolor,7.6,11.8,7.2,2.8,55.5,Invertivore
yetwar,Setophaga dominica,9.7,14.9,9.8,3,67.7,Invertivore
bkbwar,Setophaga fusca,9.7,12.3,8,3.5,65.7,Invertivore
grawar,Setophaga graciae,8.1,13.9,7.6,2.8,65.1,Invertivore
magwar,Setophaga magnolia,8.1,12.1,7.1,3.1,58.4,Invertivore
herwar,Setophaga occidentalis,10.4,12.4,7.7,3.2,66.9,Invertivore
palwar,Setophaga palmarum,10.3,12.9,7.1,2.8,63.7,Invertivore
chswar,Setophaga pensylvanica,9.3,13.4,7.6,3.6,61.6,Invertivore
manwar1,Setophaga petechia,10.2,11.7,8,3.4,60.2,Invertivore
tropar,Setophaga pitiayumi,6.8,12,7.5,3,52.7,Invertivore
amered,Setophaga ruticilla,8.2,12.3,6.8,4,62,Invertivore
bkpwar,Setophaga striata,11.8,13.9,8.7,3.6,74.3,Invertivore
camwar,Setophaga tigrina,10,12.6,7.6,3.2,65.7,Invertivore
towwar,Setophaga townsendi,8.8,12.4,7.4,3,63.8,Invertivore
btnwar,Setophaga virens,8.7,12.5,7.1,3.1,62.1,Invertivore
gowwar,Vermivora chrysoptera,8.7,14.6,9,3.2,60.6,Invertivore
buwwar,Vermivora cyanoptera,8.9,13,8.5,3,58.3,Invertivore
russpa1,Aimophila rufescens,34.3,18.1,11.6,6.2,73.6,Omnivore
graspa,Ammodramus savannarum,17.6,13.8,8.2,4.5,58.2,Invertivore
orbspa1,Arremon aurantiirostris,34.5,16,10.9,6.6,72.7,Omnivore
ccbfin,Arremon brunneinucha,44,19.5,11.8,6.1,80.8,Invertivore
grbspa1,Arremonops chloronotus,27.4,15.9,10.1,5.6,66,Omnivore
olispa,Arremonops rufivirgatus,22.4,15.3,9.5,5,65.3,Omnivore
wnbfin1,Atlapetes albinucha,33.8,17.2,10.6,6.6,73.3,Omnivore
cobtan1,Chlorospingus flavopectus,20,14.7,8.2,4.8,67.3,Invertivore
larspa,Chondestes grammacus,29,15.1,9.7,5.1,85.5,Granivore
yeejun,Junco phaeonotus,20.4,12.9,8.2,4.6,77.7,Omnivore
linspa,Melospiza lincolnii,16.6,13.2,8,4,64,Omnivore
pregrs1,Melozone biarcuata,30.6,14.8,9,5.2,71.6,Omnivore
whegrs2,Melozone leucotis,39.9,16.6,10.6,5.8,81.5,Invertivore
savspa,Passerculus sandwichensis,20,12.8,8.3,4.1,72.8,Omnivore
botspa,Peucaea botterii,19.9,14.3,8.6,4.9,63.9,Invertivore
sthspa1,Peucaea ruficauda,28.2,17.5,10.5,5.7,75.2,Omnivore
citspa1,Peucaea sumichrasti,29.4,15.7,9.9,5.5,69.4,Omnivore
spotow,Pipilo maculatus,39.3,17.4,10.3,6,85.8,Omnivore
clcspa,Spizella pallida,11.2,10.1,6,3.4,60.8,Granivore
chispa,Spizella passerina,12.2,13.1,7,4,68,Omnivore
rucspa1,Zonotrichia capensis,20.3,13.6,8.7,5.3,63.9,Omnivore
whcspa,Zonotrichia leucophrys,28,15.4,8.4,4.5,78.7,Omnivore
houspa,Passer domesticus,26.5,13.5,9.1,6.3,74.9,Granivore
oliwar,Peucedramus taeniatus,11,14.3,8.2,3.1,71,Invertivore
recman1,Ceratopipra mentalis,15,12.1,6.7,4.4,58.5,Frugivore
lotman1,Chiroxiphia linearis,17.4,11.7,6.4,4.2,68.9,Frugivore
whcman1,Manacus candei,19.8,12.6,6.8,4.1,55.7,Frugivore
whlgna2,Polioptila albiloris,6.3,13.3,8.7,2.9,49,Invertivore
buggna,Polioptila caerulea,5.8,11.3,7.4,2.8,50.8,Invertivore
trogna1,Polioptila plumbea,6.4,12.2,8,2.9,46.7,Invertivore
lobgna5,Ramphocaenus melanurus,9.7,24.3,16.8,2.8,50.2,Invertivore
grsfly1,Ptiliogonys cinereus,33.6,14.6,6.7,4.4,92.6,Omnivore
NA,Regulus calendula,6.2,10.6,6.3,2.7,58,Invertivore
gockin,Regulus satrapa,6.2,9,5.4,2.1,57.2,Invertivore
wesspi,Spindalis zena,25.4,14.3,8.1,4.9,73.8,Frugivore
eursta,Sturnus vulgaris,77.1,30.2,18.5,6.6,128.3,Omnivore
dusant1,Cercomacroides tyrannina,16.3,18.2,10.6,4.9,62.7,Invertivore
plaant1,Dysithamnus mentalis,14.9,15.8,9.2,4.2,59.8,Invertivore
bacant1,Gymnocichla nudiceps,30.5,20.5,12.7,5.2,75.2,Invertivore
dowant1,Microrhopias quixensis,7.9,15.6,9.6,4.1,53,Invertivore
slaant1,Myrmotherula schisticolor,9.6,15.5,8.2,3.3,54.9,Invertivore
greant1,Taraba major,59.2,26.3,16.9,7,90.6,Invertivore
rusant1,Thamnistes anabatinus,20.7,23.3,12.7,6,68.1,Invertivore
wesant1,Thamnophilus atrinucha,23.6,19.4,12.8,5.4,67.9,Invertivore
barant1,Thamnophilus doliatus,27,19.2,11.9,5.6,71.2,Invertivore
grehon1,Chlorophanes spiza,19,15.9,11.4,4.5,68.3,Frugivore
banana,Coereba flaveola,10,13.2,9.9,3.6,54.6,Nectarivore
relhon1,Cyanerpes cyaneus,14,19.4,12.8,3.8,60.9,Omnivore
shihon1,Cyanerpes lucidus,11.4,21.9,15,3.4,57,Omnivore
cibflo1,Diglossa baritula,9.2,12.2,7.3,2.4,58.1,Nectarivore
grhtan1,Eucometis penicillata,27,18,11.6,6.4,88.7,Invertivore
btstan1,Lanio aurantius,35,22.8,14.9,6.5,104.8,Invertivore
y00599,Ramphocelus passerinii,32,18.3,12.3,7.3,75.4,Omnivore
crctan1,Ramphocelus sanguinolentus,41,19.6,13.7,8.8,88.5,Invertivore
blhsal1,Saltator atriceps,83.8,25.7,17,10.1,118.2,Omnivore
grasal3,Saltator coerulescens,54.9,22.3,13.9,8.8,100.7,Omnivore
butsal1,Saltator maximus,47.6,20.7,14.7,8.9,96.1,Frugivore
gryfin1,Sicalis luteola,15.9,9.3,7,4.6,67,Granivore
NA,Spodiornis rusticus,15.6,13.7,8.8,4.6,66.4,Granivore
varsee3,Sporophila corvina,10.6,10.7,7,5.3,52.9,Granivore
tbsfin1,Sporophila funerea,13,12.6,9.3,6.9,55,Granivore
rubsee1,Sporophila minuta,7.8,9.2,6.2,5,49.3,Granivore
whcsee1,Sporophila morelleti,8.7,9.5,6.6,5.2,49.4,Granivore
slcsee1,Sporophila schistacea,12.7,12.9,7.3,5.4,61.5,Granivore
yefgra1,Tiaris olivaceus,8.5,9.1,6.7,4.1,49.9,Granivore
blbgra1,Volatinia jacarina,9.9,10.4,7.1,4.3,47.8,Granivore
spemou1,Laniocera rufescens,48.1,20.4,13.3,6,108.8,Omnivore
surfly1,Myiobius sulphureipygius,11.6,14.6,7.6,4.2,66.4,Invertivore
royfly1,Onychorhynchus coronatus,14,22.1,13.8,7.4,73.9,Invertivore
rotbec,Pachyramphus aglaiae,29.7,16.9,11.3,7.1,86,Omnivore
cinbec1,Pachyramphus cinnamomeus,20.3,16.8,10.6,7.6,77,Invertivore
grcbec1,Pachyramphus major,24.8,15.8,10.8,7.2,81.8,Omnivore
whwbec1,Pachyramphus polychopterus,20.8,14.9,10.4,7,72,Invertivore
thlsch3,Schiffornis turdina,31.7,17,9.7,4.9,92.1,Omnivore
thlsch2,Schiffornis veraepacis,31.1,21.2,10.4,5.3,87.3,Omnivore
rutfly2,Terenotriccus erythrurus,7.4,9,5.3,3.5,47.6,Invertivore
blctit1,Tityra inquisitor,43.1,26.3,18.5,11.6,105.7,Frugivore
mastit1,Tityra semifasciata,79.3,28,18.2,10.4,120.5,Frugivore
giawre1,Campylorhynchus chiapensis,50.9,30.6,18.2,4.7,90.2,Invertivore
runwre2,Campylorhynchus rufinucha,31,23.7,14.6,4.3,68,Invertivore
yucwre1,Campylorhynchus yucatanicus,35.5,27.2,18.2,4.4,76.5,Invertivore
babwre1,Campylorhynchus zonatus,34.6,24,14.4,3.9,78.4,Invertivore
plawre1,Cantorchilus modestus,17.6,18,11.2,3.5,57.4,Invertivore
canwre,Catherpes mexicanus,12,23.9,15.7,3.2,64.3,Invertivore
sedwre,Cistothorus platensis,9,14.9,7.7,2.3,45.7,Invertivore
gbwwre1,Henicorhina leucophrys,16.2,16.8,9.9,3.2,53.6,Invertivore
wbwwre1,Henicorhina leucosticta,14.2,17.3,11,3.5,54.2,Invertivore
navwre1,Hylorchilus navai,29.3,30.8,21.4,4.2,69,Invertivore
nigwre1,Microcerculus philomela,17.8,19.2,12,3.6,58.4,Invertivore
spbwre1,Pheugopedius maculipectus,15,18.8,12.1,3.8,58.5,Invertivore
rocwre,Salpinctes obsoletus,16.4,19.9,12.6,2.9,69,Invertivore
banwre1,Thryophilus pleurostictus,17.7,19.3,11.7,3.3,63.8,Invertivore
rawwre1,Thryophilus rufalbus,24.9,19.6,12.2,3.3,69.1,Invertivore
carwre,Thryothorus ludovicianus,19,16.9,11.1,3.2,59.4,Invertivore
houwre,Troglodytes aedon,10.9,15.9,9.8,3,51.4,Invertivore
rubwre2,Troglodytes rufociliatus,10,13.5,8.2,2.5,50.6,Invertivore
whbwre1,Uropsila leucogastra,9,14.6,8.8,2.6,50.4,Invertivore
obnthr1,Catharus aurantiirostris,29.8,16.9,9.6,4.2,76.8,Invertivore
spnthr1,Catharus dryas,37.7,19.5,9.5,5,90,Invertivore
rcnthr1,Catharus frantzii,28.9,17.1,9.7,4.2,86.3,Invertivore
veery,Catharus fuscescens,31.9,17.6,10,4.4,97,Invertivore
herthr,Catharus guttatus,30.1,18.8,9.2,3.4,89,Invertivore
bhnthr1,Catharus mexicanus,33,16.4,9.7,4.5,89,Invertivore
gycthr,Catharus minimus,31.6,16.4,9.2,4.5,100.8,Invertivore
swathr,Catharus ustulatus,30.3,16.6,9.5,4.4,96.8,Invertivore
woothr,Hylocichla mustelina,50.1,19,11.9,5.1,106.5,Invertivore
brbsol1,Myadestes occidentalis,36.4,15.4,7.8,4.8,102.5,Frugivore
slcsol1,Myadestes unicolor,37.9,14.8,7.6,4.9,93.3,Frugivore
easblu,Sialia sialis,27.5,15.4,9.1,4.2,95.8,Invertivore
whtrob1,Turdus assimilis,70.2,24.7,13.4,4.9,120.5,Invertivore
clcrob,Turdus grayi,79.5,21.4,13.6,5.7,118.1,Omnivore
blarob1,Turdus infuscatus,72.4,22,12.1,5.2,122.5,Invertivore
amerob,Turdus migratorius,78.5,23.4,12.5,5.6,127,Invertivore
mourob1,Turdus plebejus,86.3,28.4,13.9,4.9,135.3,Omnivore
rucrob1,Turdus rufitorques,72,28.6,13.3,4.9,134.9,Omnivore
brratt1,Attila spadiceus,39.1,22.3,15.8,7.3,85.6,Invertivore
nobtyr,Camptostoma imberbe,7.4,9.2,5.3,3,49.4,Invertivore
tropew3,Contopus cinereus,11.6,14.2,8.6,5.9,70.3,Invertivore
olsfly,Contopus cooperi,32.1,19.9,12.2,8.5,104.7,Invertivore
grepew,Contopus pertinax,27.2,23,13.4,7.8,108.3,Invertivore
wewpew,Contopus sordidulus,13.1,16.4,9.2,6.4,82.6,Invertivore
eawpew,Contopus virens,13.9,14.3,10,6.3,81,Invertivore
NA,Deltarhynchus flammulatus,17.2,17.2,10.3,6.7,75.5,Invertivore
yebela1,Elaenia flavogaster,24.8,12.7,7.2,5,77.4,Invertivore
mouela1,Elaenia frantzii,19.6,12.6,7,4.4,74.6,Frugivore
carela1,Elaenia martinica,20.8,14.7,7.9,4.4,78,Invertivore
pinfly1,Empidonax affinis,11.3,14,8.4,4.4,71.8,Invertivore
whtfly1,Empidonax albigularis,9.6,15.7,8.1,5.7,63,Invertivore
aldfly,Empidonax alnorum,12.7,15.2,8.5,5.8,68.4,Invertivore
yelfly1,Empidonax flavescens,12.5,14.1,7.7,5.5,66.2,Invertivore
yebfly,Empidonax flaviventris,11.8,12.9,8.4,5.7,66.9,Invertivore
bubfly,Empidonax fulvifrons,7.9,12.4,6.6,4.5,59.5,Invertivore
hamfly,Empidonax hammondii,10.4,12.3,7.1,4.1,66.6,Invertivore
leafly,Empidonax minimus,10,12.4,7.6,5.4,61.1,Invertivore
dusfly,Empidonax oberholseri,10.4,13.5,7.8,4.6,66.6,Invertivore
wilfly,Empidonax traillii,13.4,13.1,8.5,5.9,66.5,Invertivore
acafly,Empidonax virescens,12.6,13.3,9.1,6.1,71,Invertivore
pirfly1,Legatus leucophaius,22.2,13,8.3,6.3,78.5,Frugivore
secfly1,Leptopogon amaurocephalus,11.7,13.8,8.9,3.8,62.7,Invertivore
bobfly1,Megarynchus pitangua,69.9,33.7,24.7,13.9,113.5,Invertivore
ocbfly1,Mionectes oleagineus,11.2,11.8,8.2,4.2,60.5,Frugivore
tuffly,Mitrephanes phaeocercus,8.6,12.1,6.4,4.4,70,Invertivore
astfly,Myiarchus cinerascens,28.2,23,14.3,6.8,96,Invertivore
grcfly,Myiarchus crinitus,32.1,22.7,15.5,8.5,98.8,Invertivore
nutfly1,Myiarchus nuttingi,23,17.5,12.3,6.5,83.2,Invertivore
ducfly,Myiarchus tuberculifer,17.7,21.1,12.9,7.1,80.4,Invertivore
bncfly,Myiarchus tyrannulus,35.5,23.2,15.1,8.2,92,Invertivore
yucfly1,Myiarchus yucatanensis,19.6,20.6,13.4,6.9,81.4,Invertivore
subfly,Myiodynastes luteiventris,46.9,25.3,16.3,9.8,109.3,Omnivore
strfly1,Myiodynastes maculatus,43.2,25.6,18.4,10.5,107.9,Invertivore
greela,Myiopagis viridicata,11.5,11.8,7.1,3.8,60,Invertivore
socfly1,Myiozetetes similis,28,17.4,9.7,5.5,87,Invertivore
norben1,Oncostoma cinereigulare,6.4,13.8,7.2,4.2,48.5,Invertivore
yebtyr1,Ornithion semiflavum,6.6,8.8,5.4,3,44.8,Invertivore
grekis,Pitangus sulphuratus,62.9,29.3,21.1,10.1,111.9,Omnivore
sttspa1,Platyrinchus cancrominus,9.2,13.7,6.6,6.8,56.8,Invertivore
shtfly1,Poecilotriccus sylvia,7.1,13.8,8.6,4.9,46.8,Invertivore
verfly,Pyrocephalus rubinus,14.4,14.4,9.7,5.4,74.3,Invertivore
eyrfla1,Rhynchocyclus brevirostris,24.3,20.9,10.4,8.3,76.6,Invertivore
rufmou1,Rhytipterna holerythra,36.8,22.7,13.5,7.1,103.1,Invertivore
blkpho,Sayornis nigricans,18.6,18.1,9.9,5.9,86.3,Invertivore
easpho,Sayornis phoebe,19.7,17.4,9.7,5.5,83.9,Invertivore
cotfly1,Todirostrum cinereum,6.3,14.8,9.9,4.8,42.5,Invertivore
yeofly1,Tolmomyias sulphurescens,14.3,13.4,7.4,5.4,63,Invertivore
coukin,Tyrannus couchii,39,26,16.8,10.3,117,Invertivore
thbkin,Tyrannus crassirostris,55.9,30.1,20.6,12.6,126.3,Invertivore
grykin,Tyrannus dominicensis,46.5,30.6,21.6,11.5,116.6,Omnivore
sctfly,Tyrannus forficatus,39.3,22.4,13.9,7.6,121.2,Invertivore
trokin,Tyrannus melancholicus,37.4,23.5,17.4,9.7,108.8,Invertivore
fotfly,Tyrannus savana,31.9,20.1,11.5,6.5,105.6,Invertivore
easkin,Tyrannus tyrannus,39.9,21.5,14.8,8.2,116.7,Invertivore
weskin,Tyrannus verticalis,39.6,21.8,13.5,7.5,126.1,Invertivore
caskin,Tyrannus vociferans,45.6,23.8,14.9,8.5,128.9,Invertivore
belfly1,Xenotriccus callizonus,11.2,13,7.4,4.7,59.2,Invertivore
paltyr3,Zimmerius parvus,9.7,10.1,5,3.4,48.9,Invertivore
paltyr2,Zimmerius vilissimus,9.7,10.1,5.3,3.5,58.1,Invertivore
rubpep1,Cyclarhis gujanensis,28.8,18,11.1,5.8,76.2,Invertivore
lesgre1,Pachysylvia decurtata,8.5,14.6,8.4,3.5,52.5,Invertivore
tacgre2,Tunchiornis ochraceiceps,11.6,15.6,8.7,3.6,57.1,Invertivore
bkwvir,Vireo altiloquus,19,20.6,12,4.5,80.4,Invertivore
cozvir1,Vireo bairdi,12,14.9,7.8,4.1,61.2,Invertivore
belvir,Vireo bellii,8.5,13.5,7,3.7,55.7,Invertivore
casvir,Vireo cassinii,14.7,14.7,7.7,4.1,73.6,Invertivore
yetvir,Vireo flavifrons,18,15.1,8.5,4.3,76.3,Invertivore
yegvir,Vireo flavoviridis,17.6,18.1,9.9,4.4,77.7,Invertivore
eawvir1,Vireo gilvus,12.7,14.3,7.5,3.7,70.1,Invertivore
whevir,Vireo griseus,11.4,13.7,7.4,3.9,61.6,Invertivore
hutvir,Vireo huttoni,11.3,13.1,6.9,3.7,63.2,Invertivore
brcvir1,Vireo leucophrys,12.3,14,7.8,3.8,64.9,Invertivore
yucvir,Vireo magister,15.4,19.6,11.2,4.4,74.9,Invertivore
reevir1,Vireo olivaceus,16.1,16.4,9.6,4.3,77.5,Invertivore
manvir1,Vireo pallens,11,14.4,8,4.1,57,Invertivore
phivir,Vireo philadelphicus,11.5,13.2,6.9,3.4,66.2,Invertivore
plsvir,Vireo plumbeus,16.4,14.8,7.8,4.2,77,Invertivore
buhvir,Vireo solitarius,15.3,13.7,7.5,4,75.3,Invertivore
cssvir1,Vireolanius melitophrys,34.7,20.5,10.7,5.7,81,Invertivore
grsvir1,Vireolanius pulchellus,24,21.2,11.7,5.7,74.1,Invertivore
agaher1,Agamia agami,567,158.8,146,12.5,273.6,Aquatic predator
greegr,Ardea alba,871.3,126.3,90.4,12,378.8,Aquatic predator
grbher3,Ardea herodias,2523.4,145.2,106,15.8,463.5,Aquatic predator
amebit,Botaurus lentiginosus,706,82.4,58.6,10.7,270.8,Aquatic predator
pinbit1,Botaurus pinnatus,812.2,96,68.3,12.6,297.8,Aquatic predator
NA,Bubulcus ibis,366,63.3,43.5,8.6,244.4,Omnivore
bobher1,Cochlearius cochlearius,643.2,86.4,65.9,43.3,264.6,Aquatic predator
libher,Egretta caerulea,338.6,78.1,60.6,9.5,257.8,Aquatic predator
redegr,Egretta rufescens,614,101.5,87,12.2,313.2,Aquatic predator
snoegr,Egretta thula,371,86.3,69.2,9.4,252.8,Aquatic predator
triher,Egretta tricolor,372.3,102.7,83.7,9.6,248.8,Aquatic predator
NA,Ixobrychus exilis,86.3,47.8,34.7,5.5,107.8,Aquatic predator
ycnher,Nyctanassa violacea,681.7,76.5,55.4,15.4,283.8,Aquatic predator
bcnher,Nycticorax nycticorax,810,80.5,56.7,12.1,285.7,Aquatic predator
btther1,Tigrisoma mexicanum,1154.4,123.3,94.8,15.5,371.5,Aquatic predator
amwpel,Pelecanus erythrorhynchos,5608.5,319.8,296.8,39.6,561,Aquatic predator
brnpel,Pelecanus occidentalis,3427.8,319.5,285,38.8,494.6,Aquatic predator
whiibi,Eudocimus albus,889.7,144.1,120.1,12.2,280.2,Aquatic predator
rosspo1,Platalea ajaja,1490,159.8,126.6,27.6,349,Aquatic predator
whfibi,Plegadis chihi,616.9,118.7,99.4,10.3,246.5,Aquatic predator
gloibi,Plegadis falcinellus,626.6,117.2,102.8,10.4,274.8,Aquatic predator
rebtro,Phaethon aethereus,750,66.4,50.5,8.8,309.2,Aquatic predator
grefla2,Phoenicopterus ruber,3031.6,126,89.5,26.9,408.8,Aquatic predator
whwpuf1,Malacoptila panamensis,42.6,29.3,22.8,9.5,87.4,Invertivore
whnpuf2,Notharchus hyperrhynchus,95.9,50.2,40,16.4,114.7,Invertivore
rutjac1,Galbula ruficauda,26.5,53.8,46.8,5.4,78.3,Invertivore
pabwoo1,Campephilus guatemalensis,242,47.7,35.7,13.2,180.8,Invertivore
chcwoo1,Celeus castaneus,85.6,26.7,19.3,7.9,125.6,Invertivore
norfli,Colaptes auratus,131.5,38.4,27.6,8.2,151.8,Invertivore
goowoo1,Colaptes rubiginosus,55.8,27,18,7.1,123.7,Invertivore
labwoo,Dryobates scalaris,31.6,19,13.8,6.9,96.8,Invertivore
gofwoo,Melanerpes aurifrons,80.8,34.7,24.7,7.8,129.1,Omnivore
acowoo,Melanerpes formicivorus,79.6,26.9,20.6,8.2,139.8,Granivore
blcwoo1,Melanerpes pucherani,62.4,26,19,6.6,110.6,Invertivore
yucwoo,Melanerpes pygmaeus,38.8,21.5,15.8,5.8,97.4,Invertivore
olipic1,Picumnus olivaceus,10.6,10.3,8.8,3.6,52.4,Invertivore
yebsap,Sphyrapicus varius,50.3,24.8,19.2,6.7,124.8,Omnivore
noremt1,Aulacorhynchus prasinus,170.6,68.9,60.9,14.7,129.9,Frugivore
colara2,Pteroglossus torquatus,219.1,104,89.4,22.9,146.9,Frugivore
kebtou1,Ramphastos sulfuratus,409.7,129.2,132.3,33.7,200.4,Frugivore
eargre,Podiceps nigricollis,412.4,26.2,15.4,5.5,127.2,Aquatic predator
pibgre,Podilymbus podiceps,411.9,28.8,14.1,5.4,125.6,Aquatic predator
leagre,Tachybaptus dominicus,132.6,23.1,12.9,4.2,97,Aquatic predator
wispet,Oceanites oceanicus,30.4,16.3,7.1,2.9,147.2,Aquatic predator
pifshe,Ardenna creatopus,744,48.4,33,9.2,324,Aquatic predator
greshe,Ardenna gravis,849,54.7,36.3,8.3,317.8,Aquatic predator
wetshe,Ardenna pacifica,388,40.9,30.7,7.9,296.8,Aquatic predator
audshe,Puffinus lherminieri,192.8,31,20.6,4.9,185.3,Aquatic predator
chrshe,Puffinus nativitatis,356,29.1,22.3,5.7,235.5,Aquatic predator
audshe3,Puffinus subalaris,168,29.8,20.6,4.6,186.2,Aquatic predator
whfpar1,Amazona albifrons,206,30.2,25.9,14.8,169.4,Omnivore
yenpar1,Amazona auropalliata,476.9,42.6,34.8,19.4,205.6,Omnivore
relpar10,Amazona autumnalis,416,39.1,30.1,16.4,201.7,Frugivore
meapar,Amazona farinosa,626,42.3,35.6,20.5,244.9,Omnivore
yehpar,Amazona oratrix,476.9,39.3,31.6,18.4,222.6,Omnivore
yelpar1,Amazona xantholora,217,30.6,23.9,14.2,165.2,Frugivore
scamac1,Ara macao,1015,67.2,64.1,31.8,393.7,Omnivore
barpar1,Bolborhynchus lineola,56.2,12.7,11.3,8,104.3,Omnivore
orcpar,Brotogeris jugularis,63.2,21.1,16.1,9.2,110.7,Omnivore
orfpar,Eupsittula canicularis,85,20.8,17.6,11.9,132.7,Frugivore
oltpar1,Eupsittula nana,76.9,20.6,20.8,13.9,134.9,Frugivore
monpar,Myiopsitta monachus,120,22.2,19.7,12.9,145.2,Omnivore
whcpar,Pionus senilis,212,30.6,23.3,13.6,164.6,Omnivore
grnpar,Psittacara holochlorus,138,27.6,25.8,16.1,165.5,Omnivore
brhpar1,Pyrilia haematotis,149,25.7,19,10.4,152.2,Omnivore
uswowl1,Aegolius ridgwayi,80,18.4,12.1,7.9,138.3,Vertivore
strowl1,Asio clamator,443.3,32.9,18.6,10.4,248.9,Vertivore
styowl1,Asio stygius,565,41.8,20.3,9.9,326.8,Vertivore
grhowl,Bubo virginianus,1354.5,44.7,24.7,17.8,371.2,Vertivore
NA,Ciccaba nigrolineata,457.9,36.6,18.4,9,255,Invertivore
NA,Ciccaba virgata,284,33,17.2,9,240.6,Vertivore
fepowl,Glaucidium brasilianum,63.3,15.1,10.3,6.1,93.8,Invertivore
nopowl,Glaucidium gnoma,61.3,14.1,8.6,4.9,87.8,Invertivore
capowl1,Glaucidium griseiceps,50.6,13.4,8.7,5.9,90.4,Invertivore
creowl1,Lophostrix cristata,538.7,34.3,17.9,10.1,309.6,Invertivore
besowl,Megascops barbarus,69,17.7,9.9,6.6,136,Invertivore
pasowl4,Megascops cooperi,149.9,23.8,14.1,8.5,175.5,Invertivore
vesowl,Megascops guatemalae,118,23.8,12.6,6.5,157,Invertivore
whsowl1,Megascops trichopsis,88.3,19.7,9.8,5.1,148.8,Invertivore
speowl1,Pulsatrix perspicillata,983.6,47.9,25.2,12.6,339.3,Vertivore
fulowl1,Strix fulvescens,711.5,36.2,19.8,11.2,304.2,Vertivore
webowl1,Tyto alba,403.3,32,17.7,8.5,280.2,Vertivore
slbtin1,Crypturellus boucardi,435.6,28.9,10.9,5.2,165,Omnivore
thitin1,Crypturellus cinnamomeus,422,26.6,10.7,5.3,156.7,Omnivore
littin1,Crypturellus soui,216.2,24.2,8,4.2,127.5,Omnivore
gretin1,Tinamus major,1026.2,38.5,11.4,5.2,241,Omnivore
anhing,Anhinga anhinga,1235,85.6,78.8,11.1,339.6,Aquatic predator
magfri,Fregata magnificens,1490.5,121.9,95.9,25.8,642,Aquatic predator
masboo,Sula dactylatra,1732.1,96,96,26.2,412.2,Aquatic predator
nazboo1,Sula granti,1732.1,102,91.6,24.9,416.8,Aquatic predator
brnboo,Sula leucogaster,1288.8,100.9,86.9,20.5,388.6,Aquatic predator
refboo,Sula sula,1031.1,79.3,79,21.5,366.8,Aquatic predator
resque1,Pharomachrus mocinno,202.5,26.2,12.6,9.2,202,Frugivore
cittro1,Trogon citreolus,79,20.6,12.4,8.2,136.4,Omnivore
coltro1,Trogon collaris,65.4,20.3,11.2,8.2,121.2,Invertivore
eletro2,Trogon elegans,70.9,19.7,12.6,9.1,131,Omnivore
slttro1,Trogon massena,141,28.1,17.4,13.2,174,Frugivore
blhtro1,Trogon melanocephalus,85.1,21,13.8,8.8,142.7,Omnivore
moutro1,Trogon mexicanus,71,20,11.4,9.8,147.6,Invertivore
viotro2,Trogon violaceus,46.5,19,11.5,9.2,117.1,Frugivore
